date,account_value
2016-01-04,1000000.0
2016-01-05,1000013.1963640798
2016-01-06,997452.7083466888
2016-01-07,986963.8813136243
2016-01-08,979499.9667959256
2016-01-11,983450.0524285141
2016-01-12,994646.6265160212
2016-01-13,958146.6448477404
2016-01-14,972449.8650181015
2016-01-15,947472.5580766688
2016-01-19,956192.549581243
2016-01-20,952657.1725219828
2016-01-21,957973.6641829584
2016-01-22,983268.4887138022
2016-01-25,974244.4779359206
2016-01-26,983909.5143064199
2016-01-27,967284.2726892629
2016-01-28,994579.6330899388
2016-01-29,1002599.7085383426
2016-02-01,1006073.7862155881
2016-02-02,994312.52098616
2016-02-03,974316.9859780279
2016-02-04,967807.7475540584
2016-02-05,934566.6849812448
2016-02-08,914797.2727221404
2016-02-09,912876.4506944942
2016-02-10,918079.6632250369
2016-02-11,921894.4979577372
2016-02-12,931955.3984742756
2016-02-16,949406.4944690685
2016-02-17,965771.820691222
2016-02-18,956601.5650107659
2016-02-19,963783.976682632
2016-02-22,977963.5531625436
2016-02-23,967282.8203705346
2016-02-24,975203.5333800131
2016-02-25,984813.8893040294
2016-02-26,981534.349502758
2016-02-29,972016.8778619586
2016-03-01,1002545.5079962629
2016-03-02,1002570.1908740728
2016-03-03,998670.6939464888
2016-03-04,997999.2881286542
2016-03-07,989251.8480992822
2016-03-08,984461.204082018
2016-03-09,988635.4489416505
2016-03-10,994877.0438249252
2016-03-11,1012440.3680604652
2016-03-14,1015554.040389367
2016-03-15,1012630.2012636764
2016-03-16,1015605.5069579008
2016-03-17,1014915.5706835274
2016-03-18,1016538.1028258756
2016-03-21,1018074.7279332805
2016-03-22,1021322.8946850582
2016-03-23,1019701.3074504646
2016-03-24,1021775.8700149556
2016-03-28,1019036.7725816631
2016-03-29,1033543.4525272277
2016-03-30,1044303.3530666234
2016-03-31,1040060.511655158
2016-04-01,1049760.211399283
2016-04-04,1042847.2114820064
2016-04-05,1044584.4339613756
2016-04-06,1032888.7587919914
2016-04-07,1035108.6389106488
2016-04-08,1030106.4344251396
2016-04-11,1037465.1257602014
2016-04-12,1050128.635984769
2016-04-13,1052380.9463592176
2016-04-14,1054950.086113033
2016-04-15,1065572.0750289282
2016-04-18,1061014.4817982595
2016-04-19,1062272.952751103
2016-04-20,1058199.3940186838
2016-04-21,1040318.0263437808
2016-04-22,1043485.9925460996
2016-04-25,1039356.5925753979
2016-04-26,1036443.3647871108
2016-04-27,1020112.4458996345
2016-04-28,1031283.4200543652
2016-04-29,1044481.8169768635
2016-05-02,1035870.7900537931
2016-05-03,1033819.0016815049
2016-05-04,1030653.599677698
2016-05-05,1042958.5178594092
2016-05-06,1048296.1049605116
2016-05-09,1063698.1034912057
2016-05-10,1054178.8931674077
2016-05-11,1053365.8708958996
2016-05-12,1044919.1453197274
2016-05-13,1053484.2675376034
2016-05-16,1038753.1895266068
2016-05-17,1040950.180031808
2016-05-18,1038486.666204506
2016-05-19,1049294.3686667972
2016-05-20,1042855.5228612308
2016-05-23,1062043.3668312973
2016-05-24,1069460.6114781774
2016-05-25,1070661.2403588728
2016-05-26,1078119.078993757
2016-05-27,1080782.4565420898
2016-05-31,1079589.87732648
2016-06-01,1082404.1615641972
2016-06-02,1075058.2142911174
2016-06-03,1074108.690502623
2016-06-06,1074537.2359149277
2016-06-07,1084182.9802212885
2016-06-08,1084135.71742646
2016-06-09,1069804.9038134571
2016-06-10,1064949.287615656
2016-06-13,1066408.3196322294
2016-06-14,1065574.9466426622
2016-06-15,1064826.2863103836
2016-06-16,1052578.5916175991
2016-06-17,1061395.405181808
2016-06-20,1063357.430562674
2016-06-21,1062772.929689177
2016-06-22,1074707.3386477258
2016-06-23,1039028.8616380022
2016-06-24,1024781.4849350477
2016-06-27,1044761.2056477657
2016-06-28,1058130.6648532941
2016-06-29,1069625.8108565526
2016-06-30,1076363.0363575
2016-07-01,1079918.8883312724
2016-07-05,1079891.9840412992
2016-07-06,1098243.755858535
2016-07-07,1104337.750956475
2016-07-08,1106686.9421732076
2016-07-11,1103998.6619048843
2016-07-12,1106257.810313127
2016-07-13,1102825.4160091446
2016-07-14,1107006.0044568956
2016-07-15,1107909.9984645357
2016-07-18,1116453.239193101
2016-07-19,1113878.588426293
2016-07-20,1122313.4389554085
2016-07-21,1123662.9181179022
2016-07-22,1123947.2678281958
2016-07-25,1122610.9662139355
2016-07-26,1131708.9030557098
2016-07-27,1143108.0361799505
2016-07-28,1146828.0149364849
2016-07-29,1141455.947788487
2016-08-01,1142552.7037708114
2016-08-02,1145538.166827319
2016-08-03,1156107.0164018848
2016-08-04,1152564.863105031
2016-08-05,1154028.6163244913
2016-08-08,1153902.666100157
2016-08-09,1158328.043617923
2016-08-10,1158683.670007545
2016-08-11,1160945.6165902882
2016-08-12,1153234.8083230564
2016-08-15,1155466.7909576104
2016-08-16,1156859.711664813
2016-08-17,1156905.3148169774
2016-08-18,1155047.9619753843
2016-08-19,1157034.91754322
2016-08-22,1150908.5149320094
2016-08-23,1150938.560303009
2016-08-24,1149879.965724399
2016-08-25,1153348.7840126518
2016-08-26,1148479.7983228795
2016-08-29,1146985.4827178577
2016-08-30,1151122.1025998315
2016-08-31,1149407.9831565048
2016-09-01,1157676.296569734
2016-09-02,1155234.30993362
2016-09-06,1150134.8275148668
2016-09-07,1121323.0276500098
2016-09-08,1138039.7623026995
2016-09-09,1124045.0724948763
2016-09-12,1125649.0434340509
2016-09-13,1137881.156702841
2016-09-14,1135426.592286145
2016-09-15,1134979.8639866505
2016-09-16,1139866.0205587584
2016-09-19,1149405.411947073
2016-09-20,1161157.9000928248
2016-09-21,1156894.9841369952
2016-09-22,1146157.4158188165
2016-09-23,1157633.4027773454
2016-09-26,1157405.6296710966
2016-09-27,1155941.681941046
2016-09-28,1162721.904162289
2016-09-29,1155353.122924635
2016-09-30,1158870.3851766265
2016-10-03,1158640.1612050321
2016-10-04,1154976.348242208
2016-10-05,1161109.0963475322
2016-10-06,1147791.312869843
2016-10-07,1150419.593052276
2016-10-10,1145727.2443362277
2016-10-11,1143797.185186672
2016-10-12,1137938.128086515
2016-10-13,1149016.0497268834
2016-10-14,1150950.995895593
2016-10-17,1147345.0975508974
2016-10-18,1148299.1649849876
2016-10-19,1164490.3666705491
2016-10-20,1159001.1662739094
2016-10-21,1149950.2355529692
2016-10-24,1136020.5297909551
2016-10-25,1127433.846421085
2016-10-26,1127779.752412227
2016-10-27,1122880.3398745987
2016-10-28,1106877.6071042472
2016-10-31,1099460.2756577076
2016-11-01,1095252.567668591
2016-11-02,1118634.8525362092
2016-11-03,1125843.5682382665
2016-11-04,1123119.444610147
2016-11-07,1102802.7213972649
2016-11-08,1104259.529612248
2016-11-09,1091085.8058156285
2016-11-10,1112384.463323263
2016-11-11,1117882.4665405885
2016-11-14,1128361.202482336
2016-11-15,1120963.7068330557
2016-11-16,1135322.6224877941
2016-11-17,1141683.7714001713
2016-11-18,1138500.993491908
2016-11-21,1141818.6974380834
2016-11-22,1138511.754574246
2016-11-23,1140017.9886709582
2016-11-25,1127476.6492510356
2016-11-28,1112251.276040268
2016-11-29,1115314.0795313679
2016-11-30,1130058.948391237
2016-12-01,1133108.7587721832
2016-12-02,1150305.6279908023
2016-12-05,1153497.1017101768
2016-12-06,1158594.4935847684
2016-12-07,1157675.8910523774
2016-12-08,1169784.6943621377
2016-12-09,1163111.098674762
2016-12-12,1163120.989287261
2016-12-13,1158375.9964690793
2016-12-14,1163511.701739753
2016-12-15,1167280.0807666192
2016-12-16,1166543.0765382906
2016-12-19,1161411.4405933374
2016-12-20,1160351.334123472
2016-12-21,1166359.0661547931
2016-12-22,1157053.0687683695
2016-12-23,1155182.2259157784
2016-12-27,1142034.355253247
2016-12-28,1161051.506992355
2016-12-29,1169269.1970189456
2016-12-30,1178744.2946418016
2017-01-03,1176703.7400147165
2017-01-04,1180085.880249152
2017-01-05,1184071.3409129984
2017-01-06,1185074.1565122814
2017-01-09,1190819.9301200935
2017-01-10,1183851.1480743142
2017-01-11,1185453.9943620989
2017-01-12,1176964.795141877
2017-01-13,1177437.0696421354
2017-01-17,1175474.7500655036
2017-01-18,1183491.0711362346
2017-01-19,1196418.361568859
2017-01-20,1189653.003663838
2017-01-23,1187858.8882498206
2017-01-24,1174583.3614990627
2017-01-25,1172433.0205392558
2017-01-26,1170093.8811843
2017-01-27,1178284.0242434505
2017-01-30,1179467.6123258118
2017-01-31,1177547.140224824
2017-02-01,1184601.325084567
2017-02-02,1191507.1699673736
2017-02-03,1195494.965683772
2017-02-06,1203154.779973618
2017-02-07,1206016.0745135595
2017-02-08,1207282.7873006773
2017-02-09,1213888.9109665987
2017-02-10,1214094.2458645653
2017-02-13,1217315.3741089422
2017-02-14,1224109.7195096887
2017-02-15,1222086.6786028568
2017-02-16,1217581.0101317018
2017-02-17,1219907.5451851508
2017-02-21,1221787.3636826763
2017-02-22,1216824.0551793515
2017-02-23,1229448.029715535
2017-02-24,1227688.8147777906
2017-02-27,1227508.3401153665
2017-02-28,1223692.81317896
2017-03-01,1222980.267402444
2017-03-02,1228024.242863066
2017-03-03,1228574.3932315689
2017-03-06,1233678.0116616655
2017-03-07,1236537.5454032505
2017-03-08,1234881.0069050032
2017-03-09,1238904.8740663806
2017-03-10,1238769.2234027477
2017-03-13,1239101.1236917358
2017-03-14,1237712.4374377998
2017-03-15,1219772.6868667498
2017-03-16,1224285.558520827
2017-03-17,1217711.2028669573
2017-03-20,1219285.7486561665
2017-03-21,1220692.8783824963
2017-03-22,1225394.9060486464
2017-03-23,1237847.829141707
2017-03-24,1228483.4464896198
2017-03-27,1229368.7161267777
2017-03-28,1225847.1761747194
2017-03-29,1221587.4264770644
2017-03-30,1218608.9144517982
2017-03-31,1215440.8019461264
2017-04-03,1220321.295518555
2017-04-04,1215649.2412575285
2017-04-05,1211823.491886996
2017-04-06,1204018.7081810609
2017-04-07,1217630.2630146423
2017-04-10,1218766.3817720304
2017-04-11,1220908.4693877508
2017-04-12,1230111.1104785537
2017-04-13,1229635.3238270732
2017-04-17,1246848.6840842979
2017-04-18,1249451.705773146
2017-04-19,1249815.4621456563
2017-04-20,1252120.122573627
2017-04-21,1261528.321834383
2017-04-24,1265439.059849643
2017-04-25,1270592.5585048855
2017-04-26,1269509.7547933508
2017-04-27,1274121.6973598343
2017-04-28,1276542.8638640244
2017-05-01,1281712.1611471195
2017-05-02,1283988.2420481865
2017-05-03,1286087.8350384382
2017-05-04,1286163.6487321078
2017-05-05,1289477.789545397
2017-05-08,1293894.1931189026
2017-05-09,1297812.4058746623
2017-05-10,1269783.1479197934
2017-05-11,1282129.46318798
2017-05-12,1287686.8606410907
2017-05-15,1297112.27034924
2017-05-16,1298033.090172717
2017-05-17,1304028.4679402472
2017-05-18,1319007.677374795
2017-05-19,1322519.6452153705
2017-05-22,1325455.7989085112
2017-05-23,1320898.7478132185
2017-05-24,1325177.78602176
2017-05-25,1337130.0668299552
2017-05-26,1339291.76515316
2017-05-30,1329598.7453470686
2017-05-31,1335532.7150125322
2017-06-01,1334791.4785233252
2017-06-02,1306029.426503226
2017-06-05,1301630.5976584812
2017-06-06,1313946.6106692734
2017-06-07,1311361.6248278513
2017-06-08,1304424.546310237
2017-06-09,1307199.317952135
2017-06-12,1322869.5446069692
2017-06-13,1312026.931469813
2017-06-14,1318665.6380771443
2017-06-15,1318132.901449245
2017-06-16,1323644.0846858392
2017-06-19,1316832.1234865782
2017-06-20,1293352.69797599
2017-06-21,1308473.3935868111
2017-06-22,1288522.3118956836
2017-06-23,1285121.2766683393
2017-06-26,1276595.7149124718
2017-06-27,1262623.3407871106
2017-06-28,1275378.1736871935
2017-06-29,1284547.1828926709
2017-06-30,1284218.0437732844
2017-07-03,1299899.0174119906
2017-07-05,1302624.3878193786
2017-07-06,1311806.5514035958
2017-07-07,1313799.4379933565
2017-07-10,1321754.8006662738
2017-07-11,1328216.9936612959
2017-07-12,1328526.7920777227
2017-07-13,1331166.6800905266
2017-07-14,1335509.2418932996
2017-07-17,1325571.295758904
2017-07-18,1329775.1415799444
2017-07-19,1324325.8006651495
2017-07-20,1320234.6312643208
2017-07-21,1308987.4307960416
2017-07-24,1309129.7694908986
2017-07-25,1306721.6785723574
2017-07-26,1300870.1546417316
2017-07-27,1303695.1948577713
2017-07-28,1308923.9901705578
2017-07-31,1304626.2150540287
2017-08-01,1302131.536319825
2017-08-02,1278044.1684739986
2017-08-03,1287587.0082257302
2017-08-04,1302926.6937881191
2017-08-07,1301481.38204402
2017-08-08,1307210.6689588935
2017-08-09,1285656.7301268785
2017-08-10,1286667.0608822887
2017-08-11,1284291.919512103
2017-08-14,1302401.3279374992
2017-08-15,1298258.2728115604
2017-08-16,1292918.0808492086
2017-08-17,1291553.091508803
2017-08-18,1291354.6661244612
2017-08-21,1295609.3048966147
2017-08-22,1308501.2563282487
2017-08-23,1318362.142053846
2017-08-24,1320878.8823286628
2017-08-25,1310985.7204168814
2017-08-28,1313797.9985570896
2017-08-29,1320930.412649012
2017-08-30,1311174.956853543
2017-08-31,1320923.6482860637
2017-09-01,1326163.6289751644
2017-09-05,1334247.6588708092
2017-09-06,1326229.7692447915
2017-09-07,1325752.9163553193
2017-09-08,1323718.1005692473
2017-09-11,1321807.5980124527
2017-09-12,1325635.037969662
2017-09-13,1320819.6875418334
2017-09-14,1321706.9147951985
2017-09-15,1312377.0279391406
2017-09-18,1313326.4459836509
2017-09-19,1332971.41248508
2017-09-20,1332538.3234813295
2017-09-21,1344465.1049066426
2017-09-22,1341037.8568624104
2017-09-25,1340951.4626002368
2017-09-26,1352978.47278169
2017-09-27,1360125.9745189077
2017-09-28,1356958.8772350128
2017-09-29,1358035.1180538945
2017-10-02,1366349.425481119
2017-10-03,1367166.169027205
2017-10-04,1366255.0912951394
2017-10-05,1366543.1648936388
2017-10-06,1370199.4404732732
2017-10-09,1370546.0295863415
2017-10-10,1364137.35185008
2017-10-11,1368958.08060523
2017-10-12,1356750.3630107096
2017-10-13,1358160.490877156
2017-10-16,1354053.9635763457
2017-10-17,1360889.1840155046
2017-10-18,1417502.571966786
2017-10-19,1412829.2067619541
2017-10-20,1411402.182276377
2017-10-23,1410206.7646183753
2017-10-24,1409997.0373983919
2017-10-25,1419559.3894500998
2017-10-26,1416295.3497983015
2017-10-27,1420563.3853206616
2017-10-30,1428103.6238004998
2017-10-31,1421940.7168140556
2017-11-01,1425324.3292570522
2017-11-02,1427582.7992224412
2017-11-03,1432721.562945471
2017-11-06,1424861.1680394069
2017-11-07,1441291.127054351
2017-11-08,1435400.2225119148
2017-11-09,1435632.9840716163
2017-11-10,1446481.1471332668
2017-11-13,1451926.9857565297
2017-11-14,1462302.608775741
2017-11-15,1466711.2251161109
2017-11-16,1474285.3475999734
2017-11-17,1454266.145866844
2017-11-20,1463559.1876207718
2017-11-21,1452289.2217438612
2017-11-22,1445137.8120017175
2017-11-24,1448317.4071851652
2017-11-27,1457995.704713881
2017-11-28,1469037.183872919
2017-11-29,1477647.363936389
2017-11-30,1480576.6892386903
2017-12-01,1477947.32852467
2017-12-04,1478297.5096375982
2017-12-05,1480398.968706775
2017-12-06,1493820.9632749937
2017-12-07,1508017.610432968
2017-12-08,1501949.147746986
2017-12-11,1498563.3478303412
2017-12-12,1496267.306639042
2017-12-13,1494666.8672054976
2017-12-14,1495614.8622765485
2017-12-15,1493949.3281142563
2017-12-18,1494716.4809112346
2017-12-19,1485605.9873247189
2017-12-20,1508177.263136291
2017-12-21,1533124.3713982832
2017-12-22,1549229.790934094
2017-12-26,1557913.9158697037
2017-12-27,1561222.680034671
2017-12-28,1557193.9351417106
2017-12-29,1569676.1010792817
2018-01-02,1586423.325748439
2018-01-03,1586131.043350246
2018-01-04,1600039.927152091
2018-01-05,1599447.8739857632
2018-01-08,1611832.4640016253
2018-01-09,1631999.2871448589
2018-01-10,1648337.9025292443
2018-01-11,1644463.6521495671
2018-01-12,1647722.3161760538
2018-01-16,1667277.6048339622
2018-01-17,1665611.8824721228
2018-01-18,1656519.9166051059
2018-01-19,1661231.2597729908
2018-01-22,1641199.626117228
2018-01-23,1612004.3999726982
2018-01-24,1549486.9125657582
2018-01-25,1586361.6857889122
2018-01-26,1566949.6870221454
2018-01-29,1506539.549298508
2018-01-30,1528093.9576519162
2018-01-31,1551051.616266669
2018-02-01,1560183.751125009
2018-02-02,1589184.8626662204
2018-02-05,1611869.8115241246
2018-02-06,1610709.002080393
2018-02-07,1619682.6115547142
2018-02-08,1623017.3796750975
2018-02-09,1621201.099485637
2018-02-12,1646538.1824965202
2018-02-13,1666535.265335389
2018-02-14,1638394.1858686574
2018-02-15,1630903.1776202691
2018-02-16,1599990.9290931725
2018-02-20,1611796.5983260197
2018-02-21,1629013.3168123285
2018-02-22,1642913.966873322
2018-02-23,1643604.9661068227
2018-02-26,1655946.6735037216
2018-02-27,1691643.0733323726
2018-02-28,1697421.8631071
2018-03-01,1682379.7343482482
2018-03-02,1684550.2526883902
2018-03-05,1679968.305263457
2018-03-06,1673844.4546311346
2018-03-07,1642739.9632692416
2018-03-08,1654897.2953721625
2018-03-09,1649779.1519798974
2018-03-12,1605566.1132050361
2018-03-13,1567611.2821962559
2018-03-14,1616544.0833266724
2018-03-15,1563131.560608615
2018-03-16,1548794.7614471745
2018-03-19,1576921.4790625959
2018-03-20,1526374.0585882813
2018-03-21,1543120.8890447854
2018-03-22,1560992.0480106268
2018-03-23,1534401.334869955
2018-03-26,1538165.9920378611
2018-03-27,1567330.3902499168
2018-03-28,1557285.6259922362
2018-03-29,1573253.7106338008
2018-04-02,1561132.1852974547
2018-04-03,1577190.7657884096
2018-04-04,1612497.6465493103
2018-04-05,1617968.5040484883
2018-04-06,1618272.0449526513
2018-04-09,1598848.4717689252
2018-04-10,1594356.7051167572
2018-04-11,1554203.380316619
2018-04-12,1556592.0539402792
2018-04-13,1600037.6225938175
2018-04-16,1612973.0179491208
2018-04-17,1598632.392393918
2018-04-18,1610853.0217625638
2018-04-19,1597951.0400844775
2018-04-20,1597114.7596579024
2018-04-23,1622716.0971818944
2018-04-24,1631517.465241426
2018-04-25,1629388.2620690463
2018-04-26,1648804.6350478018
2018-04-27,1662267.0145027875
2018-04-30,1664887.9191010087
2018-05-01,1672006.628933736
2018-05-02,1650420.9968947088
2018-05-03,1656665.1955836553
2018-05-04,1653910.236801256
2018-05-07,1648574.9607229356
2018-05-08,1662371.4387415268
2018-05-09,1652632.6701903238
2018-05-10,1667057.3477375482
2018-05-11,1667254.1507872415
2018-05-14,1668727.2456703272
2018-05-15,1661111.25586399
2018-05-16,1676472.4556241524
2018-05-17,1677892.9653644278
2018-05-18,1717640.0179694341
2018-05-21,1738356.5189196256
2018-05-22,1746625.816700905
2018-05-23,1752879.564866913
2018-05-24,1745092.7419032815
2018-05-25,1747616.8799811797
2018-05-29,1753948.2750662537
2018-05-30,1765923.3018342985
2018-05-31,1761306.302033346
2018-06-01,1776859.9158742637
2018-06-04,1779418.32567111
2018-06-05,1784953.3947750619
2018-06-06,1781792.9822332517
2018-06-07,1790632.065346571
2018-06-08,1778593.88915898
2018-06-11,1772063.8162674643
2018-06-12,1731509.0221054254
2018-06-13,1736329.9974080329
2018-06-14,1707158.2716957438
2018-06-15,1730532.28253326
2018-06-18,1730858.9598462628
2018-06-19,1744720.287272728
2018-06-20,1726060.3085494856
2018-06-21,1762592.2840843154
2018-06-22,1780619.9673742387
2018-06-25,1787799.4687877663
2018-06-26,1782701.3451180127
2018-06-27,1780918.645413877
2018-06-28,1780918.645413877
2018-06-29,1780918.645413877
2018-07-02,1780918.645413877
2018-07-03,1780918.645413877
2018-07-05,1780918.645413877
2018-07-06,1780918.645413877
2018-07-09,1780918.645413877
2018-07-10,1780918.645413877
2018-07-11,1780918.645413877
2018-07-12,1780918.645413877
2018-07-13,1780918.645413877
2018-07-16,1780918.645413877
2018-07-17,1780918.645413877
2018-07-18,1780918.645413877
2018-07-19,1780918.645413877
2018-07-20,1780918.645413877
2018-07-23,1780918.645413877
2018-07-24,1780918.645413877
2018-07-25,1780918.645413877
2018-07-26,1780918.645413877
2018-07-27,1780918.645413877
2018-07-30,1780918.645413877
2018-07-31,1780918.645413877
2018-08-01,1780918.645413877
2018-08-02,1780918.645413877
2018-08-03,1780918.645413877
2018-08-06,1780918.645413877
2018-08-07,1781740.8989018956
2018-08-08,1787938.6905448632
2018-08-09,1787350.7106612257
2018-08-10,1785563.366934995
2018-08-13,1785563.366934995
2018-08-14,1785563.366934995
2018-08-15,1785563.366934995
2018-08-16,1785563.366934995
2018-08-17,1785563.366934995
2018-08-20,1785563.366934995
2018-08-21,1785563.366934995
2018-08-22,1785563.366934995
2018-08-23,1785563.366934995
2018-08-24,1785563.366934995
2018-08-27,1785563.366934995
2018-08-28,1785563.366934995
2018-08-29,1785563.366934995
2018-08-30,1785563.366934995
2018-08-31,1785563.366934995
2018-09-04,1785563.366934995
2018-09-05,1783469.0044575129
2018-09-06,1794158.263515051
2018-09-07,1777913.5611335568
2018-09-10,1784351.4046049411
2018-09-11,1799442.926088513
2018-09-12,1795272.1829109942
2018-09-13,1813209.123528639
2018-09-14,1811395.9160820062
2018-09-17,1810286.6750718013
2018-09-18,1809672.1247866468
2018-09-19,1796216.5656223847
2018-09-20,1795617.7957006956
2018-09-21,1795617.7957006956
2018-09-24,1793321.6738451626
2018-09-25,1737417.795153226
2018-09-26,1713978.693724039
2018-09-27,1762631.1202486209
2018-09-28,1743755.9472369074
2018-10-01,1795303.0750552136
2018-10-02,1788752.0732055816
2018-10-03,1786963.3234207626
2018-10-04,1786963.3234207626
2018-10-05,1786963.3234207626
2018-10-08,1786963.3234207626
2018-10-09,1786963.3234207626
2018-10-10,1786963.3234207626
2018-10-11,1786963.3234207626
2018-10-12,1786963.3234207626
2018-10-15,1786963.3234207626
2018-10-16,1786963.3234207626
2018-10-17,1786963.3234207626
2018-10-18,1786963.3234207626
2018-10-19,1786963.3234207626
2018-10-22,1786963.3234207626
2018-10-23,1786963.3234207626
2018-10-24,1786963.3234207626
2018-10-25,1786963.3234207626
2018-10-26,1786963.3234207626
2018-10-29,1786963.3234207626
2018-10-30,1782696.202793603
2018-10-31,1782160.298530694
2018-11-01,1782160.298530694
2018-11-02,1782160.298530694
2018-11-05,1782160.298530694
2018-11-06,1782160.298530694
2018-11-07,1782160.298530694
2018-11-08,1782160.298530694
2018-11-09,1782160.298530694
2018-11-12,1782160.298530694
2018-11-13,1782160.298530694
2018-11-14,1785978.5376120987
2018-11-15,1806417.2560126882
2018-11-16,1805283.7871162656
2018-11-19,1809504.2360205376
2018-11-20,1768381.0354146615
2018-11-21,1779463.8845063618
2018-11-23,1788658.181440997
2018-11-26,1810266.2865220248
2018-11-27,1803901.8789481698
2018-11-28,1757991.2269933324
2018-11-29,1711767.168457979
2018-11-30,1729320.5431709338
2018-12-03,1697136.6240111976
2018-12-04,1672778.7806753581
2018-12-06,1621010.4878419894
2018-12-07,1595789.9271102361
2018-12-10,1699939.6784308138
2018-12-11,1706563.085678994
2018-12-12,1706641.0063888624
2018-12-13,1718579.7748576887
2018-12-14,1731219.5774676828
2018-12-17,1692412.8628866312
2018-12-18,1785888.9482167182
2018-12-19,1803063.259795289
2018-12-20,1813037.572112301
2018-12-21,1812996.9655592684
2018-12-24,1799025.3274791003
2018-12-26,1784911.7305301619
2018-12-27,1823455.9163892355
2018-12-28,1825812.8112665962
2018-12-31,1842691.753530877
2019-01-02,1864031.7436100459
2019-01-03,1820835.784549275
2019-01-04,1824712.1105367555
2019-01-07,1832146.930724288
2019-01-08,1830314.7845138859
2019-01-09,1830314.7845138859
2019-01-10,1830314.7845138859
2019-01-11,1830314.7845138859
2019-01-14,1830314.7845138859
2019-01-15,1830314.7845138859
2019-01-16,1830314.7845138859
2019-01-17,1830314.7845138859
2019-01-18,1830314.7845138859
2019-01-22,1830314.7845138859
2019-01-23,1827590.692415221
2019-01-24,1830987.188283241
2019-01-25,1829852.4752432888
2019-01-28,1829446.533160296
2019-01-29,1825550.8113346968
2019-01-30,1823299.674840021
2019-01-31,1827323.3354378457
2019-02-01,1823976.240232576
2019-02-04,1811477.4124380827
2019-02-05,1825160.4594560103
2019-02-06,1823335.2999983104
2019-02-07,1823335.2999983104
2019-02-08,1823335.2999983104
2019-02-11,1823335.2999983104
2019-02-12,1823335.2999983104
2019-02-13,1823335.2999983104
2019-02-14,1823335.2999983104
2019-02-15,1817552.6215869463
2019-02-19,1801432.408238676
2019-02-20,1792638.847278706
2019-02-21,1833334.394787093
2019-02-22,1842475.3460018656
2019-02-25,1852693.2475626508
2019-02-26,1847623.4950214287
2019-02-27,1860363.4321093338
2019-02-28,1870794.6011087613
2019-03-01,1883112.208613329
2019-03-04,1898527.1300074868
2019-03-05,1917866.68808166
2019-03-06,1915948.82660405
2019-03-07,1915246.2377867687
2019-03-08,1917350.2715264969
2019-03-11,1902665.23540655
2019-03-12,1913755.8601554527
2019-03-13,1911842.112028304
2019-03-14,1921181.7085015238
2019-03-15,1923038.723672276
2019-03-18,1933121.8757473298
2019-03-19,1936076.55958
2019-03-20,1945651.7019739829
2019-03-21,1932630.251508844
2019-03-22,1944563.5204725896
2019-03-25,1945606.4204520956
2019-03-26,1956229.351238451
2019-03-27,1960385.618288993
2019-03-28,1968145.6286619704
2019-03-29,1971790.061849431
2019-04-01,1969818.2773221543
2019-04-02,1969818.2773221543
2019-04-03,1969818.2773221543
2019-04-04,1969818.2773221543
2019-04-05,1969818.2773221543
2019-04-08,1969818.2773221543
2019-04-09,1969818.2773221543
2019-04-10,1969818.2773221543
2019-04-11,1969818.2773221543
2019-04-12,1969818.2773221543
2019-04-15,1969818.2773221543
2019-04-16,1969818.2773221543
2019-04-17,1969818.2773221543
2019-04-18,1969818.2773221543
2019-04-22,1969818.2773221543
2019-04-23,1969818.2773221543
2019-04-24,1969818.2773221543
2019-04-25,1969818.2773221543
2019-04-26,1969818.2773221543
2019-04-29,1975547.709139361
2019-04-30,1974937.7484189924
2019-05-01,1974937.7484189924
2019-05-02,1974937.7484189924
2019-05-03,1974029.026291321
2019-05-06,1973428.5860430559
2019-05-07,1973428.5860430559
2019-05-08,1973428.5860430559
2019-05-09,1973428.5860430559
2019-05-10,1974963.142594334
2019-05-13,1959208.301142867
2019-05-14,1906718.1480850729
2019-05-15,1946400.8242685928
2019-05-16,1951624.1435581448
2019-05-17,1958314.6845354491
2019-05-20,1994700.7594031263
2019-05-21,2028337.2919771485
2019-05-22,2023942.1769857446
2019-05-23,2021607.832534696
2019-05-24,2036824.2906558441
2019-05-28,2032113.5492529543
2019-05-29,2040345.7318190418
2019-05-30,2064610.212517273
2019-05-31,2069831.8173151275
2019-06-03,2084243.8552153956
2019-06-04,2082353.5319713447
2019-06-05,2075297.0970907062
2019-06-06,2038008.7706481463
2019-06-07,2039375.0124023596
2019-06-10,2048430.4159824997
2019-06-11,2052342.4336210047
2019-06-12,2079241.6824226184
2019-06-13,2087174.3704126545
2019-06-14,2101532.451490197
2019-06-17,2106109.2362494483
2019-06-18,2110550.618997863
2019-06-19,2130959.9742150707
2019-06-20,2131036.9011336192
2019-06-21,2145968.565397519
2019-06-24,2155175.6292955414
2019-06-25,2152280.4384565125
2019-06-26,2145776.5913855038
2019-06-27,2151156.43664763
2019-06-28,2132075.679538371
2019-07-01,2145401.345915214
2019-07-02,2154754.6763035576
2019-07-03,2161226.126553344
2019-07-05,2137938.1198587664
2019-07-08,2196515.943206849
2019-07-09,2183495.8079950376
2019-07-10,2169637.995223279
2019-07-11,2146474.926896573
2019-07-12,2124668.1177938418
2019-07-15,2099724.258372474
2019-07-16,2032619.2135751203
2019-07-17,2067060.318983356
2019-07-18,2075229.217089238
2019-07-19,2125040.909823594
2019-07-22,2103134.171212697
2019-07-23,2077018.803185154
2019-07-24,2117675.956421595
2019-07-25,2058150.6308489144
2019-07-26,2067311.105187877
2019-07-29,2094507.7318408675
2019-07-30,2122306.970269252
2019-07-31,2108578.1279692203
2019-08-01,2126934.1160854204
2019-08-02,2120477.139397825
2019-08-05,2060753.5697864057
2019-08-06,2087724.392396935
2019-08-07,2086510.0124337715
2019-08-08,2093497.46069541
2019-08-09,2120936.679871872
2019-08-12,2116707.66542435
2019-08-13,2100783.93574334
2019-08-14,2124199.2430272517
2019-08-15,2169520.928376985
2019-08-16,2167977.523662244
2019-08-19,2151928.7620954392
2019-08-20,2146393.442343098
2019-08-21,2158743.593823249
2019-08-22,2168787.8960933043
2019-08-23,2166656.442461426
2019-08-26,2146258.531564599
2019-08-27,2160480.7974009924
2019-08-28,2159829.7216436025
2019-08-29,2163346.5704039363
2019-08-30,2148916.632172611
2019-09-03,2153619.97658998
2019-09-04,2124740.291745938
2019-09-05,2155103.242760836
2019-09-06,2143185.6123786992
2019-09-09,2117879.0476998813
2019-09-10,2125530.9304266977
2019-09-11,2110965.7577453093
2019-09-12,2074068.1637355888
2019-09-13,2092986.045617759
2019-09-16,2115016.0608071955
2019-09-17,2081817.830721389
2019-09-18,2105196.6640310725
2019-09-19,2116058.161994014
2019-09-20,2136634.2858766126
2019-09-23,2139771.6280367696
2019-09-24,2167486.907861263
2019-09-25,2165614.962030536
2019-09-26,2178297.7533104555
2019-09-27,2161101.551963928
2019-09-30,2169336.515205164
2019-10-01,2157417.3130036998
2019-10-02,2159156.071807417
2019-10-03,2192171.8476471542
2019-10-04,2190658.3333438174
2019-10-07,2214656.782567848
2019-10-08,2197081.832650249
2019-10-09,2208030.223196838
2019-10-10,2200612.8634996177
2019-10-11,2221123.5919638444
2019-10-14,2233296.0097367936
2019-10-15,2226979.059480308
2019-10-16,2229722.078545288
2019-10-17,2254825.806617233
2019-10-18,2259632.720767744
2019-10-21,2251156.3362767026
2019-10-22,2256756.0260242247
2019-10-23,2250275.777583341
2019-10-24,2260804.680224266
2019-10-25,2277860.170131233
2019-10-28,2279159.2825284144
2019-10-29,2275926.040161641
2019-10-30,2263220.479137293
2019-10-31,2252497.155040251
2019-11-01,2258648.74861663
2019-11-04,2281738.6189557835
2019-11-05,2297379.9318686733
2019-11-06,2313525.1534783305
2019-11-07,2298004.401938331
2019-11-08,2276025.6580970595
2019-11-11,2267264.230904166
2019-11-12,2285248.6881891903
2019-11-13,2286434.681509724
2019-11-14,2303022.898745813
2019-11-15,2298090.0963239837
2019-11-18,2294176.589138817
2019-11-19,2303701.1137123858
2019-11-20,2310064.045257208
2019-11-21,2311676.9020350035
2019-11-22,2330286.158952809
2019-11-25,2335402.608700216
2019-11-26,2332911.499652361
2019-11-27,2342544.21564732
2019-11-29,2345464.734303581
2019-12-02,2342424.133217053
2019-12-03,2341379.638479161
2019-12-04,2371105.618626109
2019-12-05,2367402.375315925
2019-12-06,2349269.643219385
2019-12-09,2352376.908472911
2019-12-10,2388401.4772458407
2019-12-11,2373344.2651692037
2019-12-12,2402970.7767242743
2019-12-13,2413840.5699243033
2019-12-16,2433676.0324477144
2019-12-17,2430435.300914828
2019-12-18,2446726.9097147607
2019-12-19,2437585.352712403
2019-12-20,2440340.09570112
2019-12-23,2459838.5494949985
2019-12-24,2469957.910084248
2019-12-26,2478282.924539322
2019-12-27,2479693.178142319
2019-12-30,2482550.388379002
2019-12-31,2451080.8729375787
2020-01-02,2448629.796825264
2020-01-03,2448629.796825264
2020-01-06,2448629.796825264
2020-01-07,2448629.796825264
2020-01-08,2448629.796825264
2020-01-09,2448629.796825264
2020-01-10,2448629.796825264
2020-01-13,2448629.796825264
2020-01-14,2448629.796825264
2020-01-15,2448629.796825264
2020-01-16,2448629.796825264
2020-01-17,2448629.796825264
2020-01-21,2448629.796825264
2020-01-22,2448629.796825264
2020-01-23,2448629.796825264
2020-01-24,2448629.796825264
2020-01-27,2448629.796825264
2020-01-28,2448629.796825264
2020-01-29,2448629.796825264
2020-01-30,2448629.796825264
2020-01-31,2448629.796825264
2020-02-03,2448629.796825264
2020-02-04,2448629.796825264
2020-02-05,2448629.796825264
2020-02-06,2448629.796825264
2020-02-07,2427139.879882961
2020-02-10,2426458.822606985
2020-02-11,2426458.822606985
2020-02-12,2426458.822606985
2020-02-13,2426458.822606985
2020-02-14,2426458.822606985
2020-02-18,2426458.822606985
2020-02-19,2426458.822606985
2020-02-20,2426458.822606985
2020-02-21,2426458.822606985
2020-02-24,2426458.822606985
2020-02-25,2426458.822606985
2020-02-26,2426458.822606985
2020-02-27,2426458.822606985
2020-02-28,2426458.822606985
2020-03-02,2426458.822606985
2020-03-03,2426458.822606985
2020-03-04,2426458.822606985
2020-03-05,2426458.822606985
2020-03-06,2426458.822606985
2020-03-09,2426458.822606985
2020-03-10,2426458.822606985
2020-03-11,2426458.822606985
2020-03-12,2426458.822606985
2020-03-13,2423706.340462766
2020-03-16,2453652.6650161655
2020-03-17,2461442.4942626264
2020-03-18,2501254.263431997
2020-03-19,2609550.86475249
2020-03-20,2596828.1460252777
2020-03-23,2657768.009499156
2020-03-24,2693434.433406006
2020-03-25,2668375.8261403004
2020-03-26,2572317.620992308
2020-03-27,2643755.352896828
2020-03-30,2661261.30000279
2020-03-31,2694455.704569618
2020-04-01,2706805.9535682118
2020-04-02,2650388.213839128
2020-04-03,2769486.0812096456
2020-04-06,2780499.784186203
2020-04-07,2666899.7525172997
2020-04-08,2692189.1850034576
2020-04-09,2723851.307937572
2020-04-13,2742751.0095615257
2020-04-14,2785786.410952026
2020-04-15,2823905.707956569
2020-04-16,2853096.1996672763
2020-04-17,2791515.934234966
2020-04-20,2756373.6205622014
2020-04-21,2791839.1956347725
2020-04-22,2819689.4978218763
2020-04-23,2858956.2602402163
2020-04-24,2850734.4645978482
2020-04-27,2902078.2912949324
2020-04-28,2877516.297512941
2020-04-29,2885310.42090662
2020-04-30,2882608.685301388
2020-05-01,2890599.5356430225
2020-05-04,2885738.4688726487
2020-05-05,2933326.5913206087
2020-05-06,2951180.4351796517
2020-05-07,2963641.166391136
2020-05-08,2983303.468278413
2020-05-11,2949545.272064568
2020-05-12,3007900.802635282
2020-05-13,3027492.242568909
2020-05-14,3057871.2383062555
2020-05-15,3083232.5703137736
2020-05-18,2947933.361373305
2020-05-19,2958570.2052333313
2020-05-20,2997247.480735697
2020-05-21,3052475.658668815
2020-05-22,3070357.135147583
2020-05-26,3066102.029710442
2020-05-27,3071149.971103928
2020-05-28,3102916.0532710305
2020-05-29,3128523.1172863785
2020-06-01,3064228.1313724327
2020-06-02,3086865.295383428
2020-06-03,3000248.1577154733
2020-06-04,3033355.993435104
2020-06-05,3099229.1696282327
2020-06-08,3156392.2841815082
2020-06-09,3181132.056014064
2020-06-10,3279856.595250297
2020-06-11,3288884.8801945164
2020-06-12,3285595.998891707
2020-06-15,3285595.998891707
2020-06-16,3285595.998891707
2020-06-17,3285595.998891707
2020-06-18,3285595.998891707
2020-06-19,3285595.998891707
2020-06-22,3285595.998891707
2020-06-23,3285595.998891707
2020-06-24,3285595.998891707
2020-06-25,3285595.998891707
2020-06-26,3285595.998891707
2020-06-29,3285595.998891707
2020-06-30,3285595.998891707
2020-07-01,3285595.998891707
2020-07-02,3285595.998891707
2020-07-06,3285595.998891707
2020-07-07,3285595.998891707
2020-07-08,3285595.998891707
2020-07-09,3285595.998891707
2020-07-10,3285595.998891707
2020-07-13,3285595.998891707
2020-07-14,3285595.998891707
2020-07-15,3285595.998891707
2020-07-16,3285595.998891707
2020-07-17,3285595.998891707
2020-07-20,3285595.998891707
2020-07-21,3285595.998891707
2020-07-22,3285595.998891707
2020-07-23,3285595.998891707
2020-07-24,3285595.998891707
2020-07-27,3285595.998891707
2020-07-28,3285595.998891707
2020-07-29,3285595.998891707
2020-07-30,3285595.998891707
2020-07-31,3285595.998891707
2020-08-03,3285595.998891707
2020-08-04,3285595.998891707
2020-08-05,3285595.998891707
2020-08-06,3285595.998891707
2020-08-07,3285595.998891707
2020-08-10,3285595.998891707
2020-08-11,3285595.998891707
2020-08-12,3285595.998891707
2020-08-13,3285595.998891707
2020-08-14,3285595.998891707
2020-08-17,3285595.998891707
2020-08-18,3285595.998891707
2020-08-19,3285595.998891707
2020-08-20,3285595.998891707
2020-08-21,3285595.998891707
2020-08-24,3285595.998891707
2020-08-25,3285595.998891707
2020-08-26,3285595.998891707
2020-08-27,3259603.3144958946
2020-08-28,3265777.0715153143
2020-08-31,3312114.1100157266
2020-09-01,3377649.276041456
2020-09-02,3367507.317510325
2020-09-03,3384313.752058012
2020-09-04,3380929.445502526
2020-09-08,3356612.0043966137
